,start,end
0,2018-07-09 22:00:28.631033,2018-07-09 22:00:28.803518
1,2018-07-09 22:00:29.386813,2018-07-09 22:00:29.628330
2,2018-07-09 22:00:31.466455,2018-07-09 22:00:32.288944
3,2018-07-09 22:00:32.375271,2018-07-09 22:00:32.458635
4,2018-07-09 22:00:32.543816,2018-07-09 22:00:32.627103
5,2018-07-09 22:00:33.131813,2018-07-09 22:00:33.713761
6,2018-07-09 22:00:33.796224,2018-07-09 22:00:33.963839
7,2018-07-09 22:00:34.049144,2018-07-09 22:00:37.218135
8,2018-07-09 22:00:37.377820,2018-07-09 22:00:38.120486
9,2018-07-09 22:00:38.955877,2018-07-09 22:00:51.335933
